iteration,time,cost,distance,residual,gradnorm,maxviolation,meanviolation,rho,upsilon,maxabsLagmult,quadoptim_status,quadoptim_iter,quadoptim_gap,quadoptim_primalobjective,quadoptim_dualobjective,quadoptim_primalinfeasibility,quadoptim_dualinfeasibility,stepsize,linesearch_status,linesearch_counter
0,0.0,-0.5289294091805266,0.0,1.1400675984351447,0.5474980630118048,0,0.0,1.0,,1.0,,,,,,,,,,
1,0.017440080642700195,-1.2372811202371055,0.6862527715390072,0.4985410293137917,0.49854102931379163,0,0.0,1.0,0.6973080169806117,0.6973080169806117,optimal,5.0,1.0347327361811066e-08,-0.45410862860793255,-0.45410863895525994,2.864938303996401e-16,1.3946035073670329e-09,1.0,1.0,0.0
2,0.025213956832885742,-1.2645513592582291,0.15832978551628196,0.01702804668079226,0.017028046680792223,0,0.0,1.539806831004197,1.039806831004197,1.039806831004197,optimal,7.0,1.2538119397269626e-09,-0.02796544725269569,-0.02796544850650763,9.071018782926934e-17,2.1222782750205355e-14,1.0,1.0,0.0
3,0.03308892250061035,-1.26457109449167,0.005040095452559574,1.4667009157807869e-05,1.466700912156098e-05,0,0.0,1.539806831004197,1.0269134722578077,1.0269134722578077,optimal,7.0,1.0995532095077043e-09,-1.9735734759200965e-05,-1.9736834312410237e-05,1.7612406012739204e-16,1.0587142974775018e-14,1.0,1.0,0.0
4,0.040947914123535156,-1.2645710944916733,9.305772182939053e-08,8.238610014422343e-08,8.237964180021494e-08,0,0.0,1.539806831004197,1.0269003998760218,1.0269003998760218,optimal,7.0,1.0999248000479659e-09,3.9708184589276434e-16,-1.0999244029661167e-09,2.4304687918895524e-16,5.380945833409182e-15,0.5904900000000002,1.0,5.0
