,RALM,RSQO
1,4.871083751591381e-16,7.49075752717233e-08
2,9.532222631176482e-16,5.8103070390588144e-08
3,1.1265305983677934e-15,0.0098752476385478
