,RALM_1,RALM_2,RALM_3
0,0.9646011849866176,0.8672238455584985,0.05214407849160581
1,0.7682372701809089,0.359068339448292,-1.0303613944257957e-07
2,0.9038140417049328,0.208628540106312,0.3090961817806895
3,0.411783817015166,0.03221890029817773,0.9496002029732562
4,0.1036220012425676,0.2728164291556885,5.946762916426518e-09
