iteration,time,cost,distance,residual,gradnorm,maxviolation,meanviolation,rho,upsilon,maxabsLagmult,quadoptim_status,quadoptim_iter,quadoptim_gap,quadoptim_primalobjective,quadoptim_dualobjective,quadoptim_primalinfeasibility,quadoptim_dualinfeasibility,stepsize,linesearch_status,linesearch_counter
0,0.0,-0.48924901030535567,0.0,8.704085772559063,8.64645066695376,0,0.0,1,,1.0,,,,,,,,,,
1,16.21929383277893,-0.6448786048346336,0.10595731150223872,1.4158198701988063,1.415819870198806,0,0.0,1,0.04759921443711758,0.04759921443711758,optimal,9.0,1.6390121625167353e-08,-0.0803386376595603,-0.08033865404968192,8.051948563502721e-16,4.9164847236715316e-14,1.0,1.0,0.0
2,32.006190061569214,-1.041081236571731,1.1249970957185924,1.5220233950616793,1.5220233950616777,0,0.0,1,0.33079687217629256,0.33079687217629256,optimal,10.0,3.7160585081368824e-07,-1.3238025101268123,-1.323802881732663,2.2084359719251397e-15,1.2442599824896495e-12,1.0,1.0,0.0
3,47.67097210884094,-1.215678810341396,0.9133445127263206,0.44789463928943246,0.44789463928942236,0,0.0,1,0.33265102881531594,0.33265102881531594,optimal,10.0,3.3364112241606783e-07,-0.3686283419809878,-0.3686286756221102,1.4612923632430098e-15,1.0538077715937864e-12,1.0,1.0,0.0
4,63.19274115562439,-1.2742550113140096,0.46494899888794283,0.07877055594052358,0.07877055594052208,0,0.0,1,0.18277725244461043,0.18277725244461043,optimal,11.0,4.1457474591857414e-08,-0.06759515372810052,-0.0675951951855751,1.0847959399174309e-15,6.230698862245452e-12,1.0,1.0,0.0
5,78.73153710365295,-1.2761270586537827,0.07878953121673613,0.004029340943470109,0.004029340943455282,0,0.0,1,0.16774217028966282,0.16774217028966282,optimal,11.0,1.2540742465915586e-08,-0.0018095740258637079,-0.0018095865666061777,6.162722532800539e-16,1.01475727286259e-11,1.0,1.0,0.0
6,94.14784622192383,-1.2761432978633127,0.00957438026247668,0.0007524912890131424,0.0007524912888376219,0,0.0,1,0.16553145144561113,0.16553145144561113,optimal,11.0,2.6030098525757963e-08,-1.3684061236261441e-05,-1.3710091334787018e-05,7.930847938447199e-16,1.0085452079694641e-11,1.0,1.0,0.0
7,110.63042092323303,-1.2761438909769307,0.0018102273790722954,0.00015377456640994642,0.00015377456528872216,0,0.0,1,0.16521600231107825,0.16521600231107825,optimal,11.0,3.3671273740680776e-08,-4.976622970066408e-07,-5.313335707472953e-07,6.830065384759045e-16,8.201288534751113e-12,1.0,1.0,0.0
